﻿Category,Sales
Appliances,"$15,543 "
Binders and Binder Accessories,"$51,891 "
Bookcases,"$14,490 "
Chairs & Chairmats,"$89,280 "
Computer Peripherals,"$31,308 "
Copiers and Fax,"$19,398 "
Envelopes,"$9,621 "
Labels,"$3,069 "
Office Furnishings,"$68,145 "
Office Machines,"$105,891 "
Paper,"$19,000 "
Pens & Art Supplies,"$10,394 "
Rubber Bands,$769 
"Scissors, Rulers and Trimmers","$1,517 "
Storage & Organization,"$52,301 "
Tables,"$116,489 "
Telephones and Communication,"$113,568 "
